{
  "version": "7",
  "dialect": "mysql",
  "entries": [
    {
      "idx": 0,
      "version": "5",
      "when": 1762102834907,
      "tag": "0000_third_jetstream",
      "breakpoints": true
    },
    {
      "idx": 1,
      "version": "5",
      "when": 1762148280976,
      "tag": "0001_windy_blob",
      "breakpoints": true
    },
    {
      "idx": 2,
      "version": "5",
      "when": 1762152025207,
      "tag": "0002_overjoyed_human_fly",
      "breakpoints": true
    },
    {
      "idx": 3,
      "version": "5",
      "when": 1762707806738,
      "tag": "0003_slimy_slayback",
      "breakpoints": true
    },
    {
      "idx": 4,
      "version": "5",
      "when": 1762708568027,
      "tag": "0004_young_bloodaxe",
      "breakpoints": true
    },
    {
      "idx": 5,
      "version": "5",
      "when": 1762708608781,
      "tag": "0005_mature_proemial_gods",
      "breakpoints": true
    },
    {
      "idx": 6,
      "version": "5",
      "when": 1762711412088,
      "tag": "0006_clumsy_mephistopheles",
      "breakpoints": true
    },
    {
      "idx": 7,
      "version": "5",
      "when": 1762713985162,
      "tag": "0007_grey_zarda",
      "breakpoints": true
    },
    {
      "idx": 8,
      "version": "5",
      "when": 1762714196607,
      "tag": "0008_worried_unicorn",
      "breakpoints": true
    },
    {
      "idx": 9,
      "version": "5",
      "when": 1762851177679,
      "tag": "0009_lying_moonstone",
      "breakpoints": true
    },
    {
      "idx": 10,
      "version": "5",
      "when": 1762851647967,
      "tag": "0010_serious_bloodstorm",
      "breakpoints": true
    },
    {
      "idx": 11,
      "version": "5",
      "when": 1762861400489,
      "tag": "0011_lumpy_nemesis",
      "breakpoints": true
    },
    {
      "idx": 12,
      "version": "5",
      "when": 1762862865771,
      "tag": "0012_calm_human_cannonball",
      "breakpoints": true
    },
    {
      "idx": 13,
      "version": "5",
      "when": 1762864227576,
      "tag": "0013_tan_kylun",
      "breakpoints": true
    },
    {
      "idx": 14,
      "version": "5",
      "when": 1762865018784,
      "tag": "0014_premium_dorian_gray",
      "breakpoints": true
    }
  ]
}